dataset,variant,metric,n_runs,seeds,mean,sample_std,n_pairs,paired_seeds,delta_mean,delta_sample_std,relative_gain_pct
baby,baseline,NDCG@10,3,"[999, 2024, 2025]",0.03612822653815834,0.0003567796589078714,0,[],,,
baby,baseline,NDCG@20,3,"[999, 2024, 2025]",0.045783012979190574,8.55089971187925e-05,0,[],,,
baby,baseline,Recall@10,3,"[999, 2024, 2025]",0.06792461031725626,0.0013755633325524264,0,[],,,
baby,baseline,Recall@20,3,"[999, 2024, 2025]",0.10551684979687037,0.0009031876746565381,0,[],,,
baby,full,NDCG@10,3,"[999, 2024, 2025]",0.03513607628766134,0.000491268514573585,3,"[999, 2024, 2025]",-0.000992150250497,0.00020689729123503638,-2.746191400923317
baby,full,NDCG@20,3,"[999, 2024, 2025]",0.044796228784751944,0.00042365638902609916,3,"[999, 2024, 2025]",-0.0009867841944386317,0.00034763439957526777,-2.1553500528397893
baby,full,Recall@10,3,"[999, 2024, 2025]",0.06574268007927048,0.0008210324846141972,3,"[999, 2024, 2025]",-0.0021819302379857825,0.0007627302283607195,-3.212282305035856
baby,full,Recall@20,3,"[999, 2024, 2025]",0.10324666976119791,0.0008901204470944345,3,"[999, 2024, 2025]",-0.002270180035672457,0.0016052871277556086,-2.151485795911044
baby,no_apc,NDCG@10,3,"[999, 2024, 2025]",0.03499615901457668,0.00017711024909906702,3,"[999, 2024, 2025]",-0.00113206752358166,0.0005335734700405139,-3.133471061431647
baby,no_apc,NDCG@20,3,"[999, 2024, 2025]",0.04441367915855196,0.0003469044186680721,3,"[999, 2024, 2025]",-0.001369333820638613,0.00042332730367520736,-2.9909211551039827
baby,no_apc,Recall@10,3,"[999, 2024, 2025]",0.06548639426628629,0.0006834862785541077,3,"[999, 2024, 2025]",-0.002438216050969976,0.0016823143217352269,-3.5895915185700327
baby,no_apc,Recall@20,3,"[999, 2024, 2025]",0.10204532270487529,0.0008432924055380405,3,"[999, 2024, 2025]",-0.0034715270919950802,0.001667390821645456,-3.2900215450689525
baby,no_avrf,NDCG@10,3,"[999, 2024, 2025]",0.03626585093268273,0.00021406995029039835,3,"[999, 2024, 2025]",0.00013762439452439054,0.00024310940419219442,0.38093315867313
baby,no_avrf,NDCG@20,3,"[999, 2024, 2025]",0.045833255594627136,0.00032008835983240227,3,"[999, 2024, 2025]",5.0242615436559466e-05,0.0003289367589992894,0.10974073606600747
baby,no_avrf,Recall@10,3,"[999, 2024, 2025]",0.06801432203977847,0.0005493511474125664,3,"[999, 2024, 2025]",8.971172252221493e-05,0.0017585045729950105,0.13207543201675703
baby,no_avrf,Recall@20,3,"[999, 2024, 2025]",0.10519818543217875,0.0011839205395977237,3,"[999, 2024, 2025]",-0.0003186643646916204,0.0020864672996210865,-0.3020032964451446
baby,no_imcf,NDCG@10,3,"[999, 2024, 2025]",0.035485105613013816,0.0005704575687071703,3,"[999, 2024, 2025]",-0.0006431209251445252,0.0006190010639817911,-1.7801065448514783
baby,no_imcf,NDCG@20,3,"[999, 2024, 2025]",0.044753224635907085,0.0007086668842604168,3,"[999, 2024, 2025]",-0.001029788343283491,0.0006974566806687109,-2.2492804126970705
baby,no_imcf,Recall@10,3,"[999, 2024, 2025]",0.06672990975768041,0.0014487147503055913,3,"[999, 2024, 2025]",-0.0011947005595758509,0.002174536398876099,-1.7588625889729057
baby,no_imcf,Recall@20,3,"[999, 2024, 2025]",0.10265174118092606,0.002317416289571766,3,"[999, 2024, 2025]",-0.0028651086159443054,0.0029336989235937924,-2.7153090918274216
sports,baseline,NDCG@10,3,"[999, 2024, 2025]",0.04034177955650632,0.00018493759952474502,0,[],,,
sports,baseline,NDCG@20,3,"[999, 2024, 2025]",0.05030776176891302,0.00033687014129473244,0,[],,,
sports,baseline,Recall@10,3,"[999, 2024, 2025]",0.07487003238098805,0.0004501623911074521,0,[],,,
sports,baseline,Recall@20,3,"[999, 2024, 2025]",0.11356441016393823,0.001438416889031699,0,[],,,
sports,full,NDCG@10,3,"[999, 2024, 2025]",0.039575130489209374,0.0002238791562799477,3,"[999, 2024, 2025]",-0.0007666490672969493,5.147778575113245e-05,-1.9003848509536165
sports,full,NDCG@20,3,"[999, 2024, 2025]",0.0495423716253423,0.0005189570953791584,3,"[999, 2024, 2025]",-0.0007653901435707202,0.000596001352243208,-1.5214156159173085
sports,full,Recall@10,3,"[999, 2024, 2025]",0.07298622091307073,0.00036596757800870923,3,"[999, 2024, 2025]",-0.0018838114679173151,0.00017081756383393703,-2.51610879280944
sports,full,Recall@20,3,"[999, 2024, 2025]",0.11162577946386026,0.0016676302896846706,3,"[999, 2024, 2025]",-0.0019386307000779691,0.0021331986495794395,-1.7070759204220927
sports,no_apc,NDCG@10,3,"[999, 2024, 2025]",0.03912009069232067,0.00033036491882795825,3,"[999, 2024, 2025]",-0.0012216888641856567,0.00022417391303816703,-3.0283464874781973
sports,no_apc,NDCG@20,3,"[999, 2024, 2025]",0.04906497290446603,0.0003817511171949732,3,"[999, 2024, 2025]",-0.0012427888644469948,0.00041095596347135376,-2.4703720077146403
sports,no_apc,Recall@10,3,"[999, 2024, 2025]",0.07266437669199059,0.00012381421183733002,3,"[999, 2024, 2025]",-0.0022056556889974523,0.0004935716840010032,-2.9459793442770574
sports,no_apc,Recall@20,3,"[999, 2024, 2025]",0.11118348007779999,0.0008123457321624941,3,"[999, 2024, 2025]",-0.0023809300861382388,0.0007757325862519192,-2.096545988924874
sports,no_avrf,NDCG@10,3,"[999, 2024, 2025]",0.040429072233283035,0.00038030277147331243,3,"[999, 2024, 2025]",8.729267677671144e-05,0.0005086388948193172,0.21638281140880627
sports,no_avrf,NDCG@20,3,"[999, 2024, 2025]",0.050315776969850234,0.0005629412914856404,3,"[999, 2024, 2025]",8.015200937213732e-06,0.0003653943979948596,0.015932334604809657
sports,no_avrf,Recall@10,3,"[999, 2024, 2025]",0.07559237321162149,0.0006436964420037313,3,"[999, 2024, 2025]",0.0007223408306334436,0.0010865796515118421,0.9647929988298891
sports,no_avrf,Recall@20,3,"[999, 2024, 2025]",0.11401480999913498,0.0009989258248854294,3,"[999, 2024, 2025]",0.0004503998351967492,0.0011134778897787013,0.3966029802352386
sports,no_imcf,NDCG@10,3,"[999, 2024, 2025]",0.03981052053508145,0.00020152287967665204,3,"[999, 2024, 2025]",-0.0005312590214248727,0.00013714674777288307,-1.3168953557954566
sports,no_imcf,NDCG@20,3,"[999, 2024, 2025]",0.04973792803192564,5.680969968277487e-05,3,"[999, 2024, 2025]",-0.0005698337369873796,0.00034438895019722217,-1.1326954667649325
sports,no_imcf,Recall@10,3,"[999, 2024, 2025]",0.07344713646893544,0.0009125694067009157,3,"[999, 2024, 2025]",-0.001422895912052603,0.0010861320500548859,-1.90048790791484
sports,no_imcf,Recall@20,3,"[999, 2024, 2025]",0.1119159390382493,0.0005905463584620033,3,"[999, 2024, 2025]",-0.0016484711256889346,0.001031570502212008,-1.4515737133748594
clothing,baseline,NDCG@10,3,"[999, 2024, 2025]",0.034725770770644857,0.0003669463147138969,0,[],,,
clothing,baseline,NDCG@20,3,"[999, 2024, 2025]",0.04228939470383976,0.0004601056341513352,0,[],,,
clothing,baseline,Recall@10,3,"[999, 2024, 2025]",0.06393605012692528,0.0005644837838470201,0,[],,,
clothing,baseline,Recall@20,3,"[999, 2024, 2025]",0.0937101356059388,0.0013474145540501824,0,[],,,
clothing,full,NDCG@10,3,"[999, 2024, 2025]",0.03318164147192397,0.0008025859703549305,3,"[999, 2024, 2025]",-0.0015441292987208911,0.000506603756436341,-4.446637941946585
clothing,full,NDCG@20,3,"[999, 2024, 2025]",0.04047947543711194,0.0009293343885741013,3,"[999, 2024, 2025]",-0.0018099192667278205,0.0004989725457254813,-4.279841977883606
clothing,full,Recall@10,3,"[999, 2024, 2025]",0.06168508584534177,0.0016227197889905106,3,"[999, 2024, 2025]",-0.0022509642815835146,0.0011135105073168474,-3.5206495820666435
clothing,full,Recall@20,3,"[999, 2024, 2025]",0.09048805886721951,0.002152147650894365,3,"[999, 2024, 2025]",-0.0032220767387192936,0.0015345722866800411,-3.438343907929525
clothing,no_apc,NDCG@10,3,"[999, 2024, 2025]",0.033308966552633754,0.0005756507099795796,3,"[999, 2024, 2025]",-0.0014168042180111075,0.00047873246186604497,-4.079979181365763
clothing,no_apc,NDCG@20,3,"[999, 2024, 2025]",0.04080559763186069,0.0007354480688764537,3,"[999, 2024, 2025]",-0.001483797071979075,0.0003607526680411472,-3.5086741779360353
clothing,no_apc,Recall@10,3,"[999, 2024, 2025]",0.06197131758484489,0.0012067507429075598,3,"[999, 2024, 2025]",-0.001964732542080389,0.0008434977790136613,-3.07296515530756
clothing,no_apc,Recall@20,3,"[999, 2024, 2025]",0.09154440611901198,0.0018181744555819683,3,"[999, 2024, 2025]",-0.0021657294869268325,0.0005102779144997252,-2.3110941766576434
clothing,no_avrf,NDCG@10,3,"[999, 2024, 2025]",0.03458917755600716,0.00026991389697712695,3,"[999, 2024, 2025]",-0.00013659321463769386,0.0002722183955090534,-0.39334825867468376
clothing,no_avrf,NDCG@20,3,"[999, 2024, 2025]",0.04227762274706911,0.000457404504594382,3,"[999, 2024, 2025]",-1.1771956770651829e-05,0.00015212981172870984,-0.027836664140248307
clothing,no_avrf,Recall@10,3,"[999, 2024, 2025]",0.06376616488963202,0.0006338960478944641,3,"[999, 2024, 2025]",-0.000169885237293263,0.0008241443992691608,-0.2657111863432419
clothing,no_avrf,Recall@20,3,"[999, 2024, 2025]",0.0940423901045426,0.001299077020441178,3,"[999, 2024, 2025]",0.0003322544986037966,0.00037578844250617976,0.3545555626991754
clothing,no_imcf,NDCG@10,3,"[999, 2024, 2025]",0.03346210941118578,0.0009377243526632,3,"[999, 2024, 2025]",-0.0012636613594590822,0.0009785863944488352,-3.6389728187899806
clothing,no_imcf,NDCG@20,3,"[999, 2024, 2025]",0.04081305865794531,0.0010272175985162296,3,"[999, 2024, 2025]",-0.0014763360458944542,0.0007396815592270625,-3.4910313950660705
clothing,no_imcf,Recall@10,3,"[999, 2024, 2025]",0.0620638265546484,0.0016514031922271145,3,"[999, 2024, 2025]",-0.0018722235722768849,0.0016154885650082912,-2.9282753134736397
clothing,no_imcf,Recall@20,3,"[999, 2024, 2025]",0.09106124774873348,0.0019949502038205235,3,"[999, 2024, 2025]",-0.0026488878572053323,0.0006628910886267877,-2.8266823434598263
elec,baseline,NDCG@10,3,"[999, 2024, 2025]",0.024738518150045994,0.00012761620017203814,0,[],,,
elec,baseline,NDCG@20,3,"[999, 2024, 2025]",0.03061858991543242,0.00013638592802376026,0,[],,,
elec,baseline,Recall@10,3,"[999, 2024, 2025]",0.044609720703992294,0.00026349021738970976,0,[],,,
elec,baseline,Recall@20,3,"[999, 2024, 2025]",0.06741380919888766,0.00031284040576155326,0,[],,,
elec,full,NDCG@10,3,"[999, 2024, 2025]",0.024443577082268138,0.00021371326570417332,3,"[999, 2024, 2025]",-0.00029494106777785734,0.00019941460738416835,-1.1922341750179122
elec,full,NDCG@20,3,"[999, 2024, 2025]",0.03020410221252786,0.0001359610018381379,3,"[999, 2024, 2025]",-0.0004144877029045579,0.00018210057799460317,-1.3537125780428163
elec,full,Recall@10,3,"[999, 2024, 2025]",0.04406737740863686,0.00042250035250310003,3,"[999, 2024, 2025]",-0.000542343295355433,0.00043076415813624573,-1.215751380633272
elec,full,Recall@20,3,"[999, 2024, 2025]",0.06638651765061683,0.00016756801367631496,3,"[999, 2024, 2025]",-0.0010272915482708266,0.00044121119236657005,-1.5238592218399327
elec,no_apc,NDCG@10,3,"[999, 2024, 2025]",0.024478736469327054,0.00023293390503493203,3,"[999, 2024, 2025]",-0.000259781680718939,0.00034253049811380906,-1.050110112268208
elec,no_apc,NDCG@20,3,"[999, 2024, 2025]",0.03021707309900159,0.00019238812517660177,3,"[999, 2024, 2025]",-0.00040151681643083026,0.00032279769576992474,-1.311349796119962
elec,no_apc,Recall@10,3,"[999, 2024, 2025]",0.04429325969714772,0.0003732513656480647,3,"[999, 2024, 2025]",-0.00031646100684456596,0.0006246694745946599,-0.7093992113163907
elec,no_apc,Recall@20,3,"[999, 2024, 2025]",0.06650114135242047,0.0002665441265516924,3,"[999, 2024, 2025]",-0.0009126678464671892,0.0005694312766850167,-1.353829218839407
elec,no_avrf,NDCG@10,3,"[999, 2024, 2025]",0.024701267210626293,0.00010792529912805275,3,"[999, 2024, 2025]",-3.725093941969968e-05,0.00022959975193051434,-0.1505787015768785
elec,no_avrf,NDCG@20,3,"[999, 2024, 2025]",0.030562965709757382,6.439572793622327e-05,3,"[999, 2024, 2025]",-5.5624205675034365e-05,0.0001999710603509451,-0.18166808409096133
elec,no_avrf,Recall@10,3,"[999, 2024, 2025]",0.044575644274130855,0.00024284509553700802,3,"[999, 2024, 2025]",-3.407642986143442e-05,0.0005021589741478096,-0.07638790228602528
elec,no_avrf,Recall@20,3,"[999, 2024, 2025]",0.06727321593181633,0.00013492847610766263,3,"[999, 2024, 2025]",-0.00014059326707133632,0.000378839000912215,-0.2085526225888688
elec,no_imcf,NDCG@10,3,"[999, 2024, 2025]",0.02446960475612504,0.00016910650161414438,3,"[999, 2024, 2025]",-0.0002689133939209551,0.00027180086269218916,-1.0870230475807832
elec,no_imcf,NDCG@20,3,"[999, 2024, 2025]",0.03026478161532382,0.00018521573790734836,3,"[999, 2024, 2025]",-0.0003538083001085983,0.00028409303844709015,-1.1555342721066046
elec,no_imcf,Recall@10,3,"[999, 2024, 2025]",0.04416081164730131,0.000335159934163197,3,"[999, 2024, 2025]",-0.0004489090566909826,0.0005826705197585675,-1.006303221824045
elec,no_imcf,Recall@20,3,"[999, 2024, 2025]",0.06660393749998532,0.00039239377662086267,3,"[999, 2024, 2025]",-0.0008098716989023425,0.0006525772530557888,-1.201343921262508
microlens,baseline,NDCG@10,3,"[999, 2024, 2025]",0.037823856168252255,0.0002343895083941238,0,[],,,
microlens,baseline,NDCG@20,3,"[999, 2024, 2025]",0.047906154837317416,0.0002407851918550891,0,[],,,
microlens,baseline,Recall@10,3,"[999, 2024, 2025]",0.07320653390979183,0.0005687463699501969,0,[],,,
microlens,baseline,Recall@20,3,"[999, 2024, 2025]",0.11238445523952355,0.0006155108261228775,0,[],,,
microlens,full,NDCG@10,3,"[999, 2024, 2025]",0.037676574617913766,0.00018531606853831948,3,"[999, 2024, 2025]",-0.00014728155033848686,9.949791854194186e-05,-0.3893879822388622
microlens,full,NDCG@20,3,"[999, 2024, 2025]",0.04779573883177868,0.00020051735793170721,3,"[999, 2024, 2025]",-0.0001104160055387382,5.4788022263147554e-05,-0.2304839658154479
microlens,full,Recall@10,3,"[999, 2024, 2025]",0.07276740376359243,0.00023085923138295553,3,"[999, 2024, 2025]",-0.0004391301461993957,0.00033802646098432656,-0.5998510279704137
microlens,full,Recall@20,3,"[999, 2024, 2025]",0.11216336084048485,0.00023641600717872277,3,"[999, 2024, 2025]",-0.000221094399038696,0.00038491197638320876,-0.1967304095281508
microlens,no_apc,NDCG@10,3,"[999, 2024, 2025]",0.03734414633406558,0.0005248493106540296,3,"[999, 2024, 2025]",-0.0004797098341866683,0.0003449822611611218,-1.2682732084554522
microlens,no_apc,NDCG@20,3,"[999, 2024, 2025]",0.04741705333271327,0.0004114431263019101,3,"[999, 2024, 2025]",-0.0004891015046041489,0.00027273774250844346,-1.0209575497450567
microlens,no_apc,Recall@10,3,"[999, 2024, 2025]",0.07243400557622141,0.0009971833758454585,3,"[999, 2024, 2025]",-0.0007725283335704158,0.0004287197342838257,-1.055272381181655
microlens,no_apc,Recall@20,3,"[999, 2024, 2025]",0.11163090863115831,0.0007895600879294608,3,"[999, 2024, 2025]",-0.0007535466083652501,0.00017687405875926334,-0.6705078622832898
microlens,no_avrf,NDCG@10,3,"[999, 2024, 2025]",0.0382366227626257,0.0005656486014496842,3,"[999, 2024, 2025]",0.00041276659437344126,0.000334486620783607,1.091286389566752
microlens,no_avrf,NDCG@20,3,"[999, 2024, 2025]",0.0482756024516305,0.0006103275760015141,3,"[999, 2024, 2025]",0.00036944761431307915,0.0004361371658481165,0.7711902897814934
microlens,no_avrf,Recall@10,3,"[999, 2024, 2025]",0.07394696179662903,0.0011337310091920816,3,"[999, 2024, 2025]",0.0007404278868372027,0.0006239952132918604,1.0114232258961873
microlens,no_avrf,Recall@20,3,"[999, 2024, 2025]",0.11300948636471266,0.0013065165564857747,3,"[999, 2024, 2025]",0.0006250311251891025,0.0008546276937283697,0.5561544288816292
microlens,no_imcf,NDCG@10,3,"[999, 2024, 2025]",0.03763156405036511,0.00025442861407741984,3,"[999, 2024, 2025]",-0.0001922921178871458,0.00028320625281351083,-0.5083884547143231
microlens,no_imcf,NDCG@20,3,"[999, 2024, 2025]",0.047560792609013476,0.00038457152761582825,3,"[999, 2024, 2025]",-0.0003453622283039401,0.0005101185571184326,-0.7209141069174552
microlens,no_imcf,Recall@10,3,"[999, 2024, 2025]",0.07295511491327711,0.00039746273751475636,3,"[999, 2024, 2025]",-0.0002514189965147258,0.0005138412666402777,-0.34343791884005176
microlens,no_imcf,Recall@20,3,"[999, 2024, 2025]",0.11165835800462161,0.0009395056625538943,3,"[999, 2024, 2025]",-0.0007260972349019493,0.001371013910907108,-0.6460833336375814
