dataset,metric,paper_baseline,paper_full,paper_relative_gain_pct,our_baseline_mean,our_full_mean,our_relative_gain_pct,our_paired_difference_mean,our_paired_difference_sample_std,n_pairs,positive_pairs,negative_pairs
baby,Recall@10,0.0663,0.0692,4.3740573152337925,0.06792461031725626,0.06574268007927048,-3.2122823050358518,-0.0021819302379857825,0.0007627302283607195,3,0,3
baby,Recall@20,0.1028,0.1061,3.2101167315174983,0.10551684979687037,0.10324666976119791,-2.1514857959110456,-0.002270180035672457,0.0016052871277556086,3,0,3
baby,NDCG@10,0.0367,0.0372,1.3623978201634745,0.03612822653815834,0.03513607628766134,-2.7461914009233035,-0.000992150250497,0.00020689729123503638,3,0,3
baby,NDCG@20,0.0455,0.0467,2.637362637362628,0.045783012979190574,0.044796228784751944,-2.1553500528397884,-0.0009867841944386317,0.00034763439957526777,3,0,3
sports,Recall@10,0.0748,0.0765,2.2727272727272707,0.07487003238098805,0.07298622091307073,-2.516108792809435,-0.0018838114679173151,0.00017081756383393703,3,0,3
sports,Recall@20,0.1134,0.116,2.2927689594356204,0.11356441016393823,0.11162577946386026,-1.7070759204220853,-0.0019386307000779691,0.0021331986495794395,3,1,2
sports,NDCG@10,0.0412,0.042,1.9417475728155331,0.04034177955650632,0.039575130489209374,-1.900384850953607,-0.0007666490672969493,5.147778575113245e-05,3,0,3
sports,NDCG@20,0.051,0.0522,2.352941176470602,0.05030776176891302,0.0495423716253423,-1.5214156159173098,-0.0007653901435707202,0.000596001352243208,3,0,3
clothing,Recall@10,0.0659,0.0679,3.034901365705611,0.06393605012692528,0.06168508584534177,-3.5206495820666484,-0.0022509642815835146,0.0011135105073168474,3,0,3
clothing,Recall@20,0.0979,0.0994,1.532175689479054,0.0937101356059388,0.09048805886721951,-3.4383439079295197,-0.0032220767387192936,0.0015345722866800411,3,0,3
clothing,NDCG@10,0.0362,0.0372,2.762430939226501,0.034725770770644857,0.03318164147192397,-4.446637941946574,-0.0015441292987208911,0.000506603756436341,3,0,3
clothing,NDCG@20,0.0445,0.0449,0.8988764044943975,0.04228939470383976,0.04047947543711194,-4.279841977883603,-0.0018099192667278205,0.0004989725457254813,3,0,3
elec,Recall@10,0.0441,0.0457,3.628117913832196,0.044609720703992294,0.04406737740863686,-1.2157513806332787,-0.000542343295355433,0.00043076415813624573,3,0,3
elec,Recall@20,0.0667,0.0684,2.548725637181426,0.06741380919888766,0.06638651765061683,-1.5238592218399405,-0.0010272915482708266,0.00044121119236657005,3,0,3
elec,NDCG@10,0.0246,0.0254,3.2520325203251987,0.024738518150045994,0.024443577082268138,-1.1922341750179033,-0.00029494106777785734,0.00019941460738416835,3,0,3
elec,NDCG@20,0.0304,0.0313,2.960526315789469,0.03061858991543242,0.03020410221252786,-1.3537125780428205,-0.0004144877029045579,0.00018210057799460317,3,0,3
microlens,Recall@10,0.0794,0.0827,4.1561712846347465,0.07320653390979183,0.07276740376359243,-0.5998510279704106,-0.0004391301461993957,0.00033802646098432656,3,0,3
microlens,Recall@20,0.1185,0.1239,4.556962025316458,0.11238445523952355,0.11216336084048485,-0.19673040952814524,-0.000221094399038696,0.00038491197638320876,3,1,2
microlens,NDCG@10,0.0413,0.043,4.116222760290533,0.037823856168252255,0.037676574617913766,-0.3893879822388646,-0.00014728155033848686,9.949791854194186e-05,3,0,3
microlens,NDCG@20,0.0514,0.0534,3.891050583657596,0.047906154837317416,0.04779573883177868,-0.23048396581545338,-0.0001104160055387382,5.4788022263147554e-05,3,0,3
