dataset,variant,metric,paper_table,paper_value,our_mean,our_sample_std,our_seed_999,our_seed_2024,our_seed_2025,n_runs,absolute_difference,relative_difference_pct
baby,baseline,Recall@10,Table 2,0.0663,0.06792461031725626,0.0013755633325524264,0.06651005889627645,0.06800622023044242,0.06925755182504992,3,0.0016246103172562615,2.450392635378984
baby,baseline,Recall@20,Table 2,0.1028,0.10551684979687037,0.0009031876746565381,0.10463113484327163,0.10643655079242634,0.10548286375491313,3,0.0027168497968703686,2.6428499969556096
baby,baseline,NDCG@10,Table 2,0.0367,0.03612822653815834,0.0003567796589078714,0.035891014388886575,0.035955131529167815,0.03653853369642063,3,-0.0005717734618416667,-1.5579658360808324
baby,baseline,NDCG@20,Table 2,0.0455,0.045783012979190574,8.55089971187925e-05,0.04569566042168934,0.04578682779018401,0.045866550725698375,3,0.000283012979190575,0.6220065476715941
baby,full,Recall@10,Table 2,0.0692,0.06574268007927048,0.0008210324846141972,0.0652068326804763,0.065333296599689,0.06668791095764613,3,-0.0034573199207295208,-4.996127053077338
baby,full,Recall@20,Table 2,0.1061,0.10324666976119791,0.0008901204470944345,0.1033396003156867,0.10231372981180129,0.10408667915610574,3,-0.0028533302388020904,-2.6892839197003693
baby,full,NDCG@10,Table 2,0.0372,0.03513607628766134,0.000491268514573585,0.03466140273067423,0.0351044176867629,0.035642408445546885,3,-0.0020639237123386556,-5.548182022415737
baby,full,NDCG@20,Table 2,0.0467,0.044796228784751944,0.00042365638902609916,0.044496749828885115,0.044610977214734344,0.04528095931063637,3,-0.001903771215248054,-4.076597891323452
baby,no_apc,Recall@10,Table 3,0.0686,0.06548639426628629,0.0006834862785541077,0.06600993032852125,0.06471317146040727,0.06573608100993035,3,-0.0031136057337137063,-4.5387838683873305
baby,no_apc,Recall@20,Table 3,0.1055,0.10204532270487529,0.0008432924055380405,0.10301793418147237,0.10159978788675111,0.10151824604640237,3,-0.0034546772951247057,-3.274575635189292
baby,no_apc,NDCG@10,Table 3,0.0371,0.03499615901457668,0.00017711024909906702,0.03510138273912008,0.035095415569630126,0.03479167873497983,3,-0.002103840985423322,-5.670730418930791
baby,no_apc,NDCG@20,Table 3,0.0465,0.04441367915855196,0.0003469044186680721,0.04462920024194329,0.0445983321470696,0.044013505086643,3,-0.002086320841448039,-4.486711486985029
baby,no_avrf,Recall@10,Table 3,0.0687,0.06801432203977847,0.0005493511474125664,0.06858214255102918,0.06748552082185409,0.06797530274645217,3,-0.0006856779602215229,-0.9980756335102203
baby,no_avrf,Recall@20,Table 3,0.1051,0.10519818543217875,0.0011839205395977237,0.10639383772708534,0.10402635620429398,0.10517436236515691,3,9.818543217875175e-05,0.09342096306255154
baby,no_avrf,NDCG@10,Table 3,0.0366,0.03626585093268273,0.00021406995029039835,0.03629410874757961,0.03603905546570912,0.03646438858475946,3,-0.0003341490673172687,-0.9129755937630324
baby,no_avrf,NDCG@20,Table 3,0.0458,0.045833255594627136,0.00032008835983240227,0.04599611099696536,0.045464486377927917,0.04603916940898813,3,3.325559462713512e-05,0.07261046861819498
baby,no_imcf,Recall@10,Table 3,0.0684,0.06672990975768041,0.0014487147503055913,0.06775337031186866,0.06507224283387823,0.06736411612729434,3,-0.001670090242319594,-2.4416524010520413
baby,no_imcf,Recall@20,Table 3,0.1037,0.10265174118092606,0.002317416289571766,0.10281308289150923,0.10025787018330089,0.10488427046796807,3,-0.001048258819073944,-1.0108571061465232
baby,no_imcf,NDCG@10,Table 3,0.0368,0.035485105613013816,0.0005704575687071703,0.03595093619807589,0.03484886261599071,0.03565551802497484,3,-0.0013148943869861832,-3.5730825733320204
baby,no_imcf,NDCG@20,Table 3,0.0458,0.044753224635907085,0.0007086668842604168,0.04498987566950487,0.043956514295375976,0.04531328394284041,3,-0.0010467753640929153,-2.2855357294605083
sports,baseline,Recall@10,Table 2,0.0748,0.07487003238098805,0.0004501623911074521,0.07455063687366065,0.0746745737454485,0.07538488652385499,3,7.003238098804432e-05,0.09362617779149485
sports,baseline,Recall@20,Table 2,0.1134,0.11356441016393823,0.001438416889031699,0.11474890019681863,0.11398052057499217,0.1119638097200039,3,0.00016441016393822783,0.14498250788204103
sports,baseline,NDCG@10,Table 2,0.0412,0.04034177955650632,0.00018493759952474502,0.04028233972000536,0.04019387038058716,0.04054912856892645,3,-0.0008582204434936791,-2.083059328868153
sports,baseline,NDCG@20,Table 2,0.051,0.05030776176891302,0.00033687014129473244,0.05063756168052575,0.05032148293677659,0.04996424068943672,3,-0.0006922382310869737,-1.357329864876422
sports,full,Recall@10,Table 2,0.0765,0.07298622091307073,0.00036596757800870923,0.07286398959456433,0.0726970125840849,0.07339766056056296,3,-0.003513779086929264,-4.593175277031714
sports,full,Recall@20,Table 2,0.116,0.11162577946386026,0.0016676302896846706,0.11305876377930989,0.10979532691777763,0.11202324769449327,3,-0.004374220536139742,-3.7708797725342635
sports,full,NDCG@10,Table 2,0.042,0.039575130489209374,0.0002238791562799477,0.039545102210546274,0.03936778095462583,0.03981250830245602,3,-0.002424869510790628,-5.7734988352157846
sports,full,NDCG@20,Table 2,0.0522,0.0495423716253423,0.0005189570953791584,0.04989919798507762,0.04894703797512939,0.049780878915819886,3,-0.002657628374657703,-5.091242097045412
sports,no_apc,Recall@10,Table 3,0.0747,0.07266437669199059,0.00012381421183733002,0.07279435174260726,0.07254781568787973,0.07265096264548479,3,-0.00203562330800941,-2.725064669356636
sports,no_apc,Recall@20,Table 3,0.1135,0.11118348007779999,0.0008123457321624941,0.11206467145915995,0.1110213298945812,0.11046443887965883,3,-0.002316519922200014,-2.040986715594728
sports,no_apc,NDCG@10,Table 3,0.0407,0.03912009069232067,0.00033036491882795825,0.03927655115273668,0.03874056148628133,0.039343159437943996,3,-0.0015799093076793308,-3.881841050809165
sports,no_apc,NDCG@20,Table 3,0.0508,0.04906497290446603,0.0003817511171949732,0.04941507605867693,0.048657962814823756,0.049121879839897395,3,-0.0017350270955339697,-3.41540766837396
sports,no_avrf,Recall@10,Table 3,0.0742,0.07559237321162149,0.0006436964420037313,0.07590027574226124,0.07602429064589862,0.0748525532467046,3,0.0013923732116214865,1.8765137622931194
sports,no_avrf,Recall@20,Table 3,0.1137,0.11401480999913498,0.0009989258248854294,0.1151619227761146,0.11333660175308587,0.11354590546820448,3,0.0003148099991349823,0.2768777477000661
sports,no_avrf,NDCG@10,Table 3,0.0407,0.040429072233283035,0.00038030277147331243,0.040845657188670524,0.040341083243480895,0.040100476267697686,3,-0.0002709277667169649,-0.6656701884937721
sports,no_avrf,NDCG@20,Table 3,0.0508,0.050315776969850234,0.0005629412914856404,0.05096166914317814,0.049929424471958084,0.05005623729441448,3,-0.00048422303014976353,-0.9531949412396878
sports,no_imcf,Recall@10,Table 3,0.0744,0.07344713646893544,0.0009125694067009157,0.07437925663738912,0.07255546280912874,0.07340668996028847,3,-0.0009528635310645517,-1.2807305525061152
sports,no_imcf,Recall@20,Table 3,0.1138,0.1119159390382493,0.0005905463584620033,0.11259226708830619,0.11165314263241115,0.11150240739403056,3,-0.0018840609617506998,-1.6555895973204726
sports,no_imcf,NDCG@10,Table 3,0.0406,0.03981052053508145,0.00020152287967665204,0.03990934641403708,0.03957866156174799,0.03994355362945928,3,-0.0007894794649185438,-1.9445307017698088
sports,no_imcf,NDCG@20,Table 3,0.0508,0.04973792803192564,5.680969968277487e-05,0.04976991448761574,0.04967233649798718,0.04977153311017401,3,-0.0010620719680743546,-2.0906928505400657
clothing,baseline,Recall@10,Table 2,0.0659,0.06393605012692528,0.0005644837838470201,0.0645169363350489,0.06338953993763956,0.06390167410808739,3,-0.0019639498730747162,-2.980197075985913
clothing,baseline,Recall@20,Table 2,0.0979,0.0937101356059388,0.0013474145540501824,0.09507747903284502,0.09366935186494942,0.09238357592002197,3,-0.004189864394061202,-4.279738911196329
clothing,baseline,NDCG@10,Table 2,0.0362,0.034725770770644857,0.0003669463147138969,0.03506874398504301,0.03433881577008806,0.03476975255680351,3,-0.0014742292293551465,-4.072456434682725
clothing,baseline,NDCG@20,Table 2,0.0445,0.04228939470383976,0.0004601056341513352,0.04282058595985255,0.04203240615021822,0.04201519200144851,3,-0.0022106052961602396,-4.967652350921892
clothing,full,Recall@10,Table 2,0.0679,0.06168508584534177,0.0016227197889905106,0.06354816128599357,0.06058053962692549,0.06092655662310625,3,-0.006214914154658233,-9.153039992132895
clothing,full,Recall@20,Table 2,0.0994,0.09048805886721951,0.002152147650894365,0.09286929334914713,0.08868178647293584,0.08991309677957555,3,-0.008911941132780488,-8.96573554605683
clothing,full,NDCG@10,Table 2,0.0372,0.03318164147192397,0.0008025859703549305,0.0340984647187545,0.03260609492475023,0.03284036477226717,3,-0.004018358528076027,-10.802039053967816
clothing,full,NDCG@20,Table 2,0.0449,0.04047947543711194,0.0009293343885741013,0.041521426161084535,0.0397362020265599,0.04018079812369139,3,-0.004420524562888065,-9.845266287055821
clothing,no_apc,Recall@10,Table 3,0.0659,0.06197131758484489,0.0012067507429075598,0.0633357392516506,0.06153408122331879,0.06104413227956529,3,-0.0039286824151551075,-5.961581813588934
clothing,no_apc,Recall@20,Table 3,0.098,0.09154440611901198,0.0018181744555819683,0.09350063533169636,0.09122631711937829,0.08990626590596126,3,-0.006455593880988028,-6.5873406948857465
clothing,no_apc,NDCG@10,Table 3,0.0364,0.033308966552633754,0.0005756507099795796,0.033933806383832324,0.03319290123695715,0.03280019203711178,3,-0.003091033447366248,-8.491850130127055
clothing,no_apc,NDCG@20,Table 3,0.0446,0.04080559763186069,0.0007354480688764537,0.04158027361148271,0.04071957626449456,0.040116943019604785,3,-0.003794402368139313,-8.50762862811505
clothing,no_avrf,Recall@10,Table 3,0.066,0.06376616488963202,0.0006338960478944641,0.06413525371557209,0.06412902734404753,0.06303421360927644,3,-0.002233835110367982,-3.384598652072701
clothing,no_avrf,Recall@20,Table 3,0.0981,0.0940423901045426,0.001299077020441178,0.0951087922410948,0.0944228032696309,0.0925955748029021,3,-0.004057609895457406,-4.136197650823048
clothing,no_avrf,NDCG@10,Table 3,0.0365,0.03458917755600716,0.00026991389697712695,0.034894361952171965,0.034491361037149434,0.034381809678700095,3,-0.001910822443992835,-5.23512998354202
clothing,no_avrf,NDCG@20,Table 3,0.0446,0.04227762274706911,0.000457404504594382,0.042773438261809064,0.04218733514174384,0.041872094837654424,3,-0.002322377252930892,-5.207123885495268
clothing,no_imcf,Recall@10,Table 3,0.0661,0.0620638265546484,0.0016514031922271145,0.06330224983587768,0.06270034710509995,0.060188882722967574,3,-0.004036173445351607,-6.106162549699857
clothing,no_imcf,Recall@20,Table 3,0.098,0.09106124774873348,0.0019949502038205235,0.09298312109264963,0.09120014217889151,0.08900047997465928,3,-0.006938752251266528,-7.080359440067885
clothing,no_imcf,NDCG@10,Table 3,0.0365,0.03346210941118578,0.0009377243526632,0.03416754219108954,0.03382080036330702,0.032397985679160766,3,-0.003037890588814221,-8.32298791455951
clothing,no_imcf,NDCG@20,Table 3,0.0447,0.04081305865794531,0.0010272175985162296,0.04170166729985108,0.041049163776851416,0.039688344897133424,3,-0.003886941342054688,-8.695618214887446
elec,baseline,Recall@10,Table 2,0.0441,0.044609720703992294,0.00026349021738970976,0.044336953375460404,0.044629375695584124,0.044862833040932346,3,0.0005097207039922932,1.1558292607535048
elec,baseline,Recall@20,Table 2,0.0667,0.06741380919888766,0.00031284040576155326,0.06714243997832665,0.06734300366636194,0.0677559839519744,3,0.000713809198887666,1.0701787089770098
elec,baseline,NDCG@10,Table 2,0.0246,0.024738518150045994,0.00012761620017203814,0.024600366135343676,0.024763193592405055,0.02485199472238925,3,0.00013851815004599366,0.5630819107560692
elec,baseline,NDCG@20,Table 2,0.0304,0.03061858991543242,0.00013638592802376026,0.030480255975824155,0.030622573204554606,0.030752940565918492,3,0.00021858991543241904,0.7190457744487455
elec,full,Recall@10,Table 2,0.0457,0.04406737740863686,0.00042250035250310003,0.043737372752200486,0.04454355371216946,0.04392120576154063,3,-0.0016326225913631393,-3.5724783180812625
elec,full,Recall@20,Table 2,0.0684,0.06638651765061683,0.00016756801367631496,0.06638533394088779,0.06655467438345668,0.06621954462750604,3,-0.002013482349383172,-2.943687645297033
elec,full,NDCG@10,Table 2,0.0254,0.024443577082268138,0.00021371326570417332,0.024271015230410805,0.02468263289291487,0.024377083123478735,3,-0.0009564229177318612,-3.7654445579994533
elec,full,NDCG@20,Table 2,0.0313,0.03020410221252786,0.0001359610018381379,0.03011489251460417,0.030360584746342865,0.030136829376636545,3,-0.0010958977874721415,-3.501270886492469
elec,no_apc,Recall@10,Table 3,0.0451,0.04429325969714772,0.0003732513656480647,0.044576076011420905,0.044433503419543025,0.043870199660479246,3,-0.0008067403028522782,-1.7887811593176872
elec,no_apc,Recall@20,Table 3,0.0676,0.06650114135242047,0.0002665441265516924,0.066790425698874,0.06644750300643147,0.06626549535195594,3,-0.001098858647579526,-1.6255305437566925
elec,no_apc,NDCG@10,Table 3,0.025,0.024478736469327054,0.00023293390503493203,0.02461941844715231,0.024606926686906515,0.02420986427392234,3,-0.0005212635306729475,-2.0850541226917874
elec,no_apc,NDCG@20,Table 3,0.0306,0.03021707309900159,0.00019238812517660177,0.03035759358547494,0.030295821866800944,0.029997803844728877,3,-0.00038292690099841,-1.2513951013019886
elec,no_avrf,Recall@10,Table 3,0.0448,0.044575644274130855,0.00024284509553700802,0.04478715788864788,0.0446293247071327,0.044310450226611994,3,-0.00022435572586914504,-0.5007940309579184
elec,no_avrf,Recall@20,Table 3,0.067,0.06727321593181633,0.00013492847610766263,0.06740851570576047,0.06713866184435778,0.06727247024533073,3,0.00027321593181632575,0.4077849728601812
elec,no_avrf,NDCG@10,Table 3,0.0249,0.024701267210626293,0.00010792529912805275,0.02478745103997498,0.02473613125057363,0.024580219341330273,3,-0.00019873278937370537,-0.7981236521032331
elec,no_avrf,NDCG@20,Table 3,0.0306,0.030562965709757382,6.439572793622327e-05,0.030633876360327193,0.030546890000135874,0.030508130768809084,3,-3.7034290242616424e-05,-0.12102709229613318
elec,no_imcf,Recall@10,Table 3,0.0448,0.04416081164730131,0.000335159934163197,0.04439356952990989,0.04431220127683937,0.043776664135154665,3,-0.0006391883526986886,-1.4267597158452827
elec,no_imcf,Recall@20,Table 3,0.0673,0.06660393749998532,0.00039239377662086267,0.06663421975745178,0.06698031280078326,0.06619727994172092,3,-0.0006960625000146797,-1.034268202102051
elec,no_imcf,NDCG@10,Table 3,0.0248,0.02446960475612504,0.00016910650161414438,0.024542248431763634,0.02459025164506512,0.024276314191546362,3,-0.0003303952438749591,-1.3322388865925738
elec,no_imcf,NDCG@20,Table 3,0.0306,0.03026478161532382,0.00018521573790734836,0.030282819159543624,0.030440318674380133,0.030071207012047702,3,-0.00033521838467617804,-1.0954849172424175
microlens,baseline,Recall@10,Table 2,0.0794,0.07320653390979183,0.0005687463699501969,0.07271211808275263,0.07307939282062625,0.0738280908259966,3,-0.006193466090208169,-7.800335126206759
microlens,baseline,Recall@20,Table 2,0.1185,0.11238445523952355,0.0006155108261228775,0.11167422952980734,0.11271636986130153,0.1127627663274618,3,-0.006115544760476446,-5.160797266224848
microlens,baseline,NDCG@10,Table 2,0.0413,0.037823856168252255,0.0002343895083941238,0.0375872397912497,0.037828375256898236,0.038055953456608824,3,-0.003476143831747748,-8.41681315193159
microlens,baseline,NDCG@20,Table 2,0.0514,0.047906154837317416,0.0002407851918550891,0.04763057908527652,0.04801198943053293,0.04807589599614281,3,-0.003493845162682585,-6.797364129732653
microlens,full,Recall@10,Table 2,0.0827,0.07276740376359243,0.00023085923138295553,0.07256208943503217,0.07272281791588009,0.07301730393986504,3,-0.009932596236407562,-12.010394481750374
microlens,full,Recall@20,Table 2,0.1239,0.11216336084048485,0.00023641600717872277,0.11189652217215426,0.11224687654489243,0.11234668380440788,3,-0.011736639159515144,-9.472670830924246
microlens,full,NDCG@10,Table 2,0.043,0.037676574617913766,0.00018531606853831948,0.037463428559884125,0.037766758207697246,0.03779953708615993,3,-0.00532342538208623,-12.380059028107516
microlens,full,NDCG@20,Table 2,0.0534,0.04779573883177868,0.00020051735793170721,0.04756435287098582,0.047918685341859814,0.047904178282490405,3,-0.005604261168221325,-10.494871101538061
microlens,no_apc,Recall@10,Table 3,0.0819,0.07243400557622141,0.0009971833758454585,0.07158299680235088,0.07218778625867762,0.07353123366763574,3,-0.009465994423778587,-11.557990749424407
microlens,no_apc,Recall@20,Table 3,0.1218,0.11163090863115831,0.0007895600879294608,0.11072233160759486,0.11201984443342757,0.11215054985245249,3,-0.010169091368841698,-8.349007691988252
microlens,no_apc,NDCG@10,Table 3,0.0424,0.03734414633406558,0.0005248493106540296,0.03703945941306012,0.03704279252873992,0.03795018706039672,3,-0.005055853665934418,-11.924183174373626
microlens,no_apc,NDCG@20,Table 3,0.0527,0.04741705333271327,0.0004114431263019101,0.04709383693189475,0.04727710919129357,0.04788021387495149,3,-0.0052829466672867295,-10.024566731094364
microlens,no_avrf,Recall@10,Table 3,0.0822,0.07394696179662903,0.0011337310091920816,0.0727346797101915,0.07412517164399887,0.07498103403569673,3,-0.008253038203370963,-10.040192461521858
microlens,no_avrf,Recall@20,Table 3,0.1224,0.11300948636471266,0.0013065165564857747,0.11176958163858058,0.11288515201221945,0.11437372544333793,3,-0.00939051363528734,-7.671988264123641
microlens,no_avrf,NDCG@10,Table 3,0.0426,0.0382366227626257,0.0005656486014496842,0.037710512310872475,0.03816447031445679,0.038834885662547815,3,-0.004363377237374302,-10.242669571301178
microlens,no_avrf,NDCG@20,Table 3,0.0526,0.0482756024516305,0.0006103275760015141,0.04775847180225174,0.04811952133821542,0.04894881421442433,3,-0.004324397548369503,-8.22128811477092
microlens,no_imcf,Recall@10,Table 3,0.082,0.07295511491327711,0.00039746273751475636,0.07305381744385502,0.07251760132942044,0.07329392596655586,3,-0.009044885086722895,-11.03034766673524
microlens,no_imcf,Recall@20,Table 3,0.1218,0.11165835800462161,0.0009395056625538943,0.11227233336140999,0.11057680813639804,0.11212593251605678,3,-0.010141641995378398,-8.326471260573399
microlens,no_imcf,NDCG@10,Table 3,0.0424,0.03763156405036511,0.00025442861407741984,0.03768116508487258,0.03735598729282295,0.0378575397733998,3,-0.004768435949634893,-11.246311201969084
microlens,no_imcf,NDCG@20,Table 3,0.0526,0.047560792609013476,0.00038457152761582825,0.04774628995282275,0.047118632558598425,0.04781745531561926,3,-0.005039207390986525,-9.580242188187304
